repo,day,hour,commits
microsoft/vscode,0,0,19
microsoft/vscode,0,1,23
microsoft/vscode,0,2,13
microsoft/vscode,0,3,9
microsoft/vscode,0,4,9
microsoft/vscode,0,5,19
microsoft/vscode,0,6,15
microsoft/vscode,0,7,27
microsoft/vscode,0,8,22
microsoft/vscode,0,9,22
microsoft/vscode,0,10,37
microsoft/vscode,0,11,32
microsoft/vscode,0,12,42
microsoft/vscode,0,13,26
microsoft/vscode,0,14,37
microsoft/vscode,0,15,30
microsoft/vscode,0,16,34
microsoft/vscode,0,17,61
microsoft/vscode,0,18,37
microsoft/vscode,0,19,37
microsoft/vscode,0,20,49
microsoft/vscode,0,21,58
microsoft/vscode,0,22,44
microsoft/vscode,0,23,36
microsoft/vscode,1,0,24
microsoft/vscode,1,1,21
microsoft/vscode,1,2,22
microsoft/vscode,1,3,15
microsoft/vscode,1,4,24
microsoft/vscode,1,5,30
microsoft/vscode,1,6,50
microsoft/vscode,1,7,54
microsoft/vscode,1,8,109
microsoft/vscode,1,9,170
microsoft/vscode,1,10,245
microsoft/vscode,1,11,304
microsoft/vscode,1,12,314
microsoft/vscode,1,13,237
microsoft/vscode,1,14,225
microsoft/vscode,1,15,375
microsoft/vscode,1,16,330
microsoft/vscode,1,17,266
microsoft/vscode,1,18,201
microsoft/vscode,1,19,138
microsoft/vscode,1,20,118
microsoft/vscode,1,21,105
microsoft/vscode,1,22,94
microsoft/vscode,1,23,84
microsoft/vscode,2,0,46
microsoft/vscode,2,1,33
microsoft/vscode,2,2,27
microsoft/vscode,2,3,21
microsoft/vscode,2,4,21
microsoft/vscode,2,5,22
microsoft/vscode,2,6,49
microsoft/vscode,2,7,62
microsoft/vscode,2,8,83
microsoft/vscode,2,9,179
microsoft/vscode,2,10,253
microsoft/vscode,2,11,345
microsoft/vscode,2,12,266
microsoft/vscode,2,13,207
microsoft/vscode,2,14,272
microsoft/vscode,2,15,313
microsoft/vscode,2,16,368
microsoft/vscode,2,17,309
microsoft/vscode,2,18,191
microsoft/vscode,2,19,147
microsoft/vscode,2,20,147
microsoft/vscode,2,21,127
microsoft/vscode,2,22,108
microsoft/vscode,2,23,100
microsoft/vscode,3,0,62
microsoft/vscode,3,1,34
microsoft/vscode,3,2,22
microsoft/vscode,3,3,27
microsoft/vscode,3,4,30
microsoft/vscode,3,5,46
microsoft/vscode,3,6,60
microsoft/vscode,3,7,82
microsoft/vscode,3,8,119
microsoft/vscode,3,9,200
microsoft/vscode,3,10,313
microsoft/vscode,3,11,359
microsoft/vscode,3,12,320
microsoft/vscode,3,13,284
microsoft/vscode,3,14,282
microsoft/vscode,3,15,365
microsoft/vscode,3,16,346
microsoft/vscode,3,17,262
microsoft/vscode,3,18,185
microsoft/vscode,3,19,127
microsoft/vscode,3,20,109
microsoft/vscode,3,21,134
microsoft/vscode,3,22,91
microsoft/vscode,3,23,90
microsoft/vscode,4,0,67
microsoft/vscode,4,1,38
microsoft/vscode,4,2,25
microsoft/vscode,4,3,28
microsoft/vscode,4,4,40
microsoft/vscode,4,5,35
microsoft/vscode,4,6,49
microsoft/vscode,4,7,60
microsoft/vscode,4,8,91
microsoft/vscode,4,9,182
microsoft/vscode,4,10,250
microsoft/vscode,4,11,333
microsoft/vscode,4,12,332
microsoft/vscode,4,13,236
microsoft/vscode,4,14,256
microsoft/vscode,4,15,339
microsoft/vscode,4,16,312
microsoft/vscode,4,17,271
microsoft/vscode,4,18,202
microsoft/vscode,4,19,124
microsoft/vscode,4,20,126
microsoft/vscode,4,21,118
microsoft/vscode,4,22,100
microsoft/vscode,4,23,89
microsoft/vscode,5,0,66
microsoft/vscode,5,1,29
microsoft/vscode,5,2,29
microsoft/vscode,5,3,42
microsoft/vscode,5,4,35
microsoft/vscode,5,5,44
microsoft/vscode,5,6,45
microsoft/vscode,5,7,59
microsoft/vscode,5,8,96
microsoft/vscode,5,9,180
microsoft/vscode,5,10,311
microsoft/vscode,5,11,305
microsoft/vscode,5,12,306
microsoft/vscode,5,13,296
microsoft/vscode,5,14,370
microsoft/vscode,5,15,330
microsoft/vscode,5,16,331
microsoft/vscode,5,17,219
microsoft/vscode,5,18,143
microsoft/vscode,5,19,75
microsoft/vscode,5,20,69
microsoft/vscode,5,21,83
microsoft/vscode,5,22,77
microsoft/vscode,5,23,49
microsoft/vscode,6,0,36
microsoft/vscode,6,1,18
microsoft/vscode,6,2,15
microsoft/vscode,6,3,14
microsoft/vscode,6,4,28
microsoft/vscode,6,5,16
microsoft/vscode,6,6,31
microsoft/vscode,6,7,31
microsoft/vscode,6,8,31
microsoft/vscode,6,9,47
microsoft/vscode,6,10,37
microsoft/vscode,6,11,43
microsoft/vscode,6,12,34
microsoft/vscode,6,13,31
microsoft/vscode,6,14,32
microsoft/vscode,6,15,30
microsoft/vscode,6,16,30
microsoft/vscode,6,17,31
microsoft/vscode,6,18,40
microsoft/vscode,6,19,41
microsoft/vscode,6,20,41
microsoft/vscode,6,21,41
microsoft/vscode,6,22,38
microsoft/vscode,6,23,34
torvalds/linux,0,0,36
torvalds/linux,0,1,16
torvalds/linux,0,2,9
torvalds/linux,0,3,17
torvalds/linux,0,4,3
torvalds/linux,0,5,4
torvalds/linux,0,6,6
torvalds/linux,0,7,10
torvalds/linux,0,8,8
torvalds/linux,0,9,26
torvalds/linux,0,10,83
torvalds/linux,0,11,52
torvalds/linux,0,12,57
torvalds/linux,0,13,44
torvalds/linux,0,14,75
torvalds/linux,0,15,73
torvalds/linux,0,16,63
torvalds/linux,0,17,83
torvalds/linux,0,18,43
torvalds/linux,0,19,94
torvalds/linux,0,20,40
torvalds/linux,0,21,84
torvalds/linux,0,22,59
torvalds/linux,0,23,16
torvalds/linux,1,0,37
torvalds/linux,1,1,26
torvalds/linux,1,2,21
torvalds/linux,1,3,20
torvalds/linux,1,4,19
torvalds/linux,1,5,9
torvalds/linux,1,6,27
torvalds/linux,1,7,35
torvalds/linux,1,8,84
torvalds/linux,1,9,117
torvalds/linux,1,10,240
torvalds/linux,1,11,353
torvalds/linux,1,12,259
torvalds/linux,1,13,230
torvalds/linux,1,14,288
torvalds/linux,1,15,418
torvalds/linux,1,16,270
torvalds/linux,1,17,330
torvalds/linux,1,18,202
torvalds/linux,1,19,119
torvalds/linux,1,20,143
torvalds/linux,1,21,182
torvalds/linux,1,22,117
torvalds/linux,1,23,87
torvalds/linux,2,0,96
torvalds/linux,2,1,55
torvalds/linux,2,2,37
torvalds/linux,2,3,30
torvalds/linux,2,4,7
torvalds/linux,2,5,15
torvalds/linux,2,6,14
torvalds/linux,2,7,66
torvalds/linux,2,8,143
torvalds/linux,2,9,205
torvalds/linux,2,10,294
torvalds/linux,2,11,312
torvalds/linux,2,12,218
torvalds/linux,2,13,286
torvalds/linux,2,14,284
torvalds/linux,2,15,342
torvalds/linux,2,16,325
torvalds/linux,2,17,241
torvalds/linux,2,18,242
torvalds/linux,2,19,221
torvalds/linux,2,20,158
torvalds/linux,2,21,79
torvalds/linux,2,22,98
torvalds/linux,2,23,96
torvalds/linux,3,0,36
torvalds/linux,3,1,48
torvalds/linux,3,2,28
torvalds/linux,3,3,11
torvalds/linux,3,4,18
torvalds/linux,3,5,29
torvalds/linux,3,6,30
torvalds/linux,3,7,47
torvalds/linux,3,8,101
torvalds/linux,3,9,222
torvalds/linux,3,10,317
torvalds/linux,3,11,304
torvalds/linux,3,12,251
torvalds/linux,3,13,258
torvalds/linux,3,14,238
torvalds/linux,3,15,300
torvalds/linux,3,16,333
torvalds/linux,3,17,331
torvalds/linux,3,18,227
torvalds/linux,3,19,104
torvalds/linux,3,20,137
torvalds/linux,3,21,81
torvalds/linux,3,22,122
torvalds/linux,3,23,83
torvalds/linux,4,0,57
torvalds/linux,4,1,33
torvalds/linux,4,2,32
torvalds/linux,4,3,30
torvalds/linux,4,4,21
torvalds/linux,4,5,11
torvalds/linux,4,6,38
torvalds/linux,4,7,45
torvalds/linux,4,8,76
torvalds/linux,4,9,177
torvalds/linux,4,10,200
torvalds/linux,4,11,226
torvalds/linux,4,12,245
torvalds/linux,4,13,200
torvalds/linux,4,14,351
torvalds/linux,4,15,300
torvalds/linux,4,16,361
torvalds/linux,4,17,300
torvalds/linux,4,18,120
torvalds/linux,4,19,124
torvalds/linux,4,20,123
torvalds/linux,4,21,104
torvalds/linux,4,22,80
torvalds/linux,4,23,64
torvalds/linux,5,0,58
torvalds/linux,5,1,48
torvalds/linux,5,2,17
torvalds/linux,5,3,14
torvalds/linux,5,4,31
torvalds/linux,5,5,29
torvalds/linux,5,6,37
torvalds/linux,5,7,63
torvalds/linux,5,8,139
torvalds/linux,5,9,199
torvalds/linux,5,10,276
torvalds/linux,5,11,297
torvalds/linux,5,12,212
torvalds/linux,5,13,188
torvalds/linux,5,14,252
torvalds/linux,5,15,237
torvalds/linux,5,16,328
torvalds/linux,5,17,344
torvalds/linux,5,18,157
torvalds/linux,5,19,111
torvalds/linux,5,20,91
torvalds/linux,5,21,127
torvalds/linux,5,22,86
torvalds/linux,5,23,92
torvalds/linux,6,0,61
torvalds/linux,6,1,17
torvalds/linux,6,2,24
torvalds/linux,6,3,41
torvalds/linux,6,4,11
torvalds/linux,6,5,15
torvalds/linux,6,6,5
torvalds/linux,6,7,10
torvalds/linux,6,8,15
torvalds/linux,6,9,31
torvalds/linux,6,10,91
torvalds/linux,6,11,51
torvalds/linux,6,12,80
torvalds/linux,6,13,59
torvalds/linux,6,14,78
torvalds/linux,6,15,68
torvalds/linux,6,16,69
torvalds/linux,6,17,56
torvalds/linux,6,18,69
torvalds/linux,6,19,36
torvalds/linux,6,20,36
torvalds/linux,6,21,44
torvalds/linux,6,22,47
torvalds/linux,6,23,81
facebook/react,0,0,28
facebook/react,0,1,22
facebook/react,0,2,15
facebook/react,0,3,15
facebook/react,0,4,12
facebook/react,0,5,8
facebook/react,0,6,6
facebook/react,0,7,3
facebook/react,0,8,24
facebook/react,0,9,22
facebook/react,0,10,36
facebook/react,0,11,48
facebook/react,0,12,43
facebook/react,0,13,51
facebook/react,0,14,42
facebook/react,0,15,52
facebook/react,0,16,60
facebook/react,0,17,53
facebook/react,0,18,43
facebook/react,0,19,32
facebook/react,0,20,25
facebook/react,0,21,36
facebook/react,0,22,42
facebook/react,0,23,36
facebook/react,1,0,38
facebook/react,1,1,27
facebook/react,1,2,7
facebook/react,1,3,10
facebook/react,1,4,9
facebook/react,1,5,2
facebook/react,1,6,9
facebook/react,1,7,22
facebook/react,1,8,65
facebook/react,1,9,143
facebook/react,1,10,189
facebook/react,1,11,271
facebook/react,1,12,220
facebook/react,1,13,245
facebook/react,1,14,260
facebook/react,1,15,321
facebook/react,1,16,334
facebook/react,1,17,254
facebook/react,1,18,185
facebook/react,1,19,156
facebook/react,1,20,139
facebook/react,1,21,135
facebook/react,1,22,110
facebook/react,1,23,99
facebook/react,2,0,60
facebook/react,2,1,52
facebook/react,2,2,25
facebook/react,2,3,27
facebook/react,2,4,7
facebook/react,2,5,10
facebook/react,2,6,18
facebook/react,2,7,37
facebook/react,2,8,79
facebook/react,2,9,127
facebook/react,2,10,239
facebook/react,2,11,327
facebook/react,2,12,278
facebook/react,2,13,316
facebook/react,2,14,346
facebook/react,2,15,315
facebook/react,2,16,328
facebook/react,2,17,249
facebook/react,2,18,202
facebook/react,2,19,160
facebook/react,2,20,107
facebook/react,2,21,122
facebook/react,2,22,131
facebook/react,2,23,127
facebook/react,3,0,85
facebook/react,3,1,55
facebook/react,3,2,36
facebook/react,3,3,22
facebook/react,3,4,11
facebook/react,3,5,6
facebook/react,3,6,16
facebook/react,3,7,34
facebook/react,3,8,92
facebook/react,3,9,120
facebook/react,3,10,238
facebook/react,3,11,305
facebook/react,3,12,215
facebook/react,3,13,303
facebook/react,3,14,349
facebook/react,3,15,343
facebook/react,3,16,290
facebook/react,3,17,332
facebook/react,3,18,226
facebook/react,3,19,162
facebook/react,3,20,119
facebook/react,3,21,125
facebook/react,3,22,108
facebook/react,3,23,104
facebook/react,4,0,73
facebook/react,4,1,49
facebook/react,4,2,36
facebook/react,4,3,16
facebook/react,4,4,14
facebook/react,4,5,11
facebook/react,4,6,23
facebook/react,4,7,37
facebook/react,4,8,98
facebook/react,4,9,172
facebook/react,4,10,218
facebook/react,4,11,270
facebook/react,4,12,214
facebook/react,4,13,295
facebook/react,4,14,334
facebook/react,4,15,332
facebook/react,4,16,318
facebook/react,4,17,252
facebook/react,4,18,237
facebook/react,4,19,183
facebook/react,4,20,127
facebook/react,4,21,101
facebook/react,4,22,109
facebook/react,4,23,87
facebook/react,5,0,65
facebook/react,5,1,36
facebook/react,5,2,34
facebook/react,5,3,23
facebook/react,5,4,22
facebook/react,5,5,10
facebook/react,5,6,11
facebook/react,5,7,31
facebook/react,5,8,87
facebook/react,5,9,143
facebook/react,5,10,206
facebook/react,5,11,240
facebook/react,5,12,225
facebook/react,5,13,256
facebook/react,5,14,290
facebook/react,5,15,272
facebook/react,5,16,314
facebook/react,5,17,220
facebook/react,5,18,140
facebook/react,5,19,101
facebook/react,5,20,78
facebook/react,5,21,76
facebook/react,5,22,64
facebook/react,5,23,75
facebook/react,6,0,51
facebook/react,6,1,31
facebook/react,6,2,18
facebook/react,6,3,6
facebook/react,6,4,8
facebook/react,6,5,10
facebook/react,6,6,3
facebook/react,6,7,10
facebook/react,6,8,27
facebook/react,6,9,32
facebook/react,6,10,41
facebook/react,6,11,56
facebook/react,6,12,44
facebook/react,6,13,45
facebook/react,6,14,42
facebook/react,6,15,60
facebook/react,6,16,51
facebook/react,6,17,54
facebook/react,6,18,59
facebook/react,6,19,28
facebook/react,6,20,38
facebook/react,6,21,36
facebook/react,6,22,50
facebook/react,6,23,26
vercel/next.js,0,0,13
vercel/next.js,0,1,24
vercel/next.js,0,2,16
vercel/next.js,0,3,8
vercel/next.js,0,4,14
vercel/next.js,0,5,11
vercel/next.js,0,6,9
vercel/next.js,0,7,11
vercel/next.js,0,8,18
vercel/next.js,0,9,20
vercel/next.js,0,10,28
vercel/next.js,0,11,33
vercel/next.js,0,12,28
vercel/next.js,0,13,34
vercel/next.js,0,14,23
vercel/next.js,0,15,28
vercel/next.js,0,16,30
vercel/next.js,0,17,46
vercel/next.js,0,18,27
vercel/next.js,0,19,33
vercel/next.js,0,20,45
vercel/next.js,0,21,30
vercel/next.js,0,22,37
vercel/next.js,0,23,121
vercel/next.js,1,0,35
vercel/next.js,1,1,38
vercel/next.js,1,2,33
vercel/next.js,1,3,23
vercel/next.js,1,4,28
vercel/next.js,1,5,28
vercel/next.js,1,6,30
vercel/next.js,1,7,51
vercel/next.js,1,8,105
vercel/next.js,1,9,131
vercel/next.js,1,10,182
vercel/next.js,1,11,212
vercel/next.js,1,12,192
vercel/next.js,1,13,195
vercel/next.js,1,14,263
vercel/next.js,1,15,262
vercel/next.js,1,16,260
vercel/next.js,1,17,276
vercel/next.js,1,18,173
vercel/next.js,1,19,170
vercel/next.js,1,20,158
vercel/next.js,1,21,161
vercel/next.js,1,22,140
vercel/next.js,1,23,250
vercel/next.js,2,0,119
vercel/next.js,2,1,80
vercel/next.js,2,2,67
vercel/next.js,2,3,68
vercel/next.js,2,4,69
vercel/next.js,2,5,48
vercel/next.js,2,6,48
vercel/next.js,2,7,63
vercel/next.js,2,8,93
vercel/next.js,2,9,163
vercel/next.js,2,10,260
vercel/next.js,2,11,227
vercel/next.js,2,12,236
vercel/next.js,2,13,252
vercel/next.js,2,14,256
vercel/next.js,2,15,262
vercel/next.js,2,16,277
vercel/next.js,2,17,235
vercel/next.js,2,18,224
vercel/next.js,2,19,189
vercel/next.js,2,20,170
vercel/next.js,2,21,170
vercel/next.js,2,22,133
vercel/next.js,2,23,251
vercel/next.js,3,0,118
vercel/next.js,3,1,83
vercel/next.js,3,2,92
vercel/next.js,3,3,59
vercel/next.js,3,4,68
vercel/next.js,3,5,65
vercel/next.js,3,6,65
vercel/next.js,3,7,52
vercel/next.js,3,8,130
vercel/next.js,3,9,165
vercel/next.js,3,10,201
vercel/next.js,3,11,249
vercel/next.js,3,12,191
vercel/next.js,3,13,259
vercel/next.js,3,14,252
vercel/next.js,3,15,240
vercel/next.js,3,16,265
vercel/next.js,3,17,270
vercel/next.js,3,18,211
vercel/next.js,3,19,213
vercel/next.js,3,20,161
vercel/next.js,3,21,173
vercel/next.js,3,22,158
vercel/next.js,3,23,257
vercel/next.js,4,0,103
vercel/next.js,4,1,115
vercel/next.js,4,2,108
vercel/next.js,4,3,53
vercel/next.js,4,4,51
vercel/next.js,4,5,50
vercel/next.js,4,6,60
vercel/next.js,4,7,64
vercel/next.js,4,8,135
vercel/next.js,4,9,148
vercel/next.js,4,10,184
vercel/next.js,4,11,187
vercel/next.js,4,12,197
vercel/next.js,4,13,239
vercel/next.js,4,14,226
vercel/next.js,4,15,259
vercel/next.js,4,16,248
vercel/next.js,4,17,245
vercel/next.js,4,18,172
vercel/next.js,4,19,164
vercel/next.js,4,20,148
vercel/next.js,4,21,163
vercel/next.js,4,22,122
vercel/next.js,4,23,254
vercel/next.js,5,0,103
vercel/next.js,5,1,76
vercel/next.js,5,2,62
vercel/next.js,5,3,42
vercel/next.js,5,4,36
vercel/next.js,5,5,38
vercel/next.js,5,6,58
vercel/next.js,5,7,56
vercel/next.js,5,8,92
vercel/next.js,5,9,146
vercel/next.js,5,10,186
vercel/next.js,5,11,209
vercel/next.js,5,12,172
vercel/next.js,5,13,192
vercel/next.js,5,14,239
vercel/next.js,5,15,242
vercel/next.js,5,16,261
vercel/next.js,5,17,210
vercel/next.js,5,18,144
vercel/next.js,5,19,135
vercel/next.js,5,20,127
vercel/next.js,5,21,128
vercel/next.js,5,22,123
vercel/next.js,5,23,200
vercel/next.js,6,0,73
vercel/next.js,6,1,65
vercel/next.js,6,2,39
vercel/next.js,6,3,26
vercel/next.js,6,4,24
vercel/next.js,6,5,19
vercel/next.js,6,6,17
vercel/next.js,6,7,38
vercel/next.js,6,8,27
vercel/next.js,6,9,37
vercel/next.js,6,10,49
vercel/next.js,6,11,38
vercel/next.js,6,12,45
vercel/next.js,6,13,22
vercel/next.js,6,14,31
vercel/next.js,6,15,36
vercel/next.js,6,16,36
vercel/next.js,6,17,26
vercel/next.js,6,18,44
vercel/next.js,6,19,39
vercel/next.js,6,20,40
vercel/next.js,6,21,38
vercel/next.js,6,22,39
vercel/next.js,6,23,140
tensorflow/tensorflow,0,0,26
tensorflow/tensorflow,0,1,68
tensorflow/tensorflow,0,2,77
tensorflow/tensorflow,0,3,12
tensorflow/tensorflow,0,4,13
tensorflow/tensorflow,0,5,21
tensorflow/tensorflow,0,6,20
tensorflow/tensorflow,0,7,21
tensorflow/tensorflow,0,8,22
tensorflow/tensorflow,0,9,13
tensorflow/tensorflow,0,10,16
tensorflow/tensorflow,0,11,16
tensorflow/tensorflow,0,12,16
tensorflow/tensorflow,0,13,18
tensorflow/tensorflow,0,14,18
tensorflow/tensorflow,0,15,12
tensorflow/tensorflow,0,16,20
tensorflow/tensorflow,0,17,21
tensorflow/tensorflow,0,18,16
tensorflow/tensorflow,0,19,15
tensorflow/tensorflow,0,20,28
tensorflow/tensorflow,0,21,33
tensorflow/tensorflow,0,22,29
tensorflow/tensorflow,0,23,67
tensorflow/tensorflow,1,0,77
tensorflow/tensorflow,1,1,189
tensorflow/tensorflow,1,2,197
tensorflow/tensorflow,1,3,145
tensorflow/tensorflow,1,4,141
tensorflow/tensorflow,1,5,122
tensorflow/tensorflow,1,6,133
tensorflow/tensorflow,1,7,155
tensorflow/tensorflow,1,8,139
tensorflow/tensorflow,1,9,172
tensorflow/tensorflow,1,10,203
tensorflow/tensorflow,1,11,237
tensorflow/tensorflow,1,12,156
tensorflow/tensorflow,1,13,190
tensorflow/tensorflow,1,14,180
tensorflow/tensorflow,1,15,161
tensorflow/tensorflow,1,16,153
tensorflow/tensorflow,1,17,139
tensorflow/tensorflow,1,18,90
tensorflow/tensorflow,1,19,80
tensorflow/tensorflow,1,20,84
tensorflow/tensorflow,1,21,111
tensorflow/tensorflow,1,22,153
tensorflow/tensorflow,1,23,141
tensorflow/tensorflow,2,0,155
tensorflow/tensorflow,2,1,235
tensorflow/tensorflow,2,2,258
tensorflow/tensorflow,2,3,171
tensorflow/tensorflow,2,4,134
tensorflow/tensorflow,2,5,140
tensorflow/tensorflow,2,6,131
tensorflow/tensorflow,2,7,146
tensorflow/tensorflow,2,8,180
tensorflow/tensorflow,2,9,194
tensorflow/tensorflow,2,10,248
tensorflow/tensorflow,2,11,211
tensorflow/tensorflow,2,12,188
tensorflow/tensorflow,2,13,198
tensorflow/tensorflow,2,14,185
tensorflow/tensorflow,2,15,203
tensorflow/tensorflow,2,16,170
tensorflow/tensorflow,2,17,134
tensorflow/tensorflow,2,18,113
tensorflow/tensorflow,2,19,71
tensorflow/tensorflow,2,20,72
tensorflow/tensorflow,2,21,116
tensorflow/tensorflow,2,22,131
tensorflow/tensorflow,2,23,132
tensorflow/tensorflow,3,0,190
tensorflow/tensorflow,3,1,258
tensorflow/tensorflow,3,2,287
tensorflow/tensorflow,3,3,165
tensorflow/tensorflow,3,4,164
tensorflow/tensorflow,3,5,138
tensorflow/tensorflow,3,6,154
tensorflow/tensorflow,3,7,170
tensorflow/tensorflow,3,8,177
tensorflow/tensorflow,3,9,211
tensorflow/tensorflow,3,10,187
tensorflow/tensorflow,3,11,218
tensorflow/tensorflow,3,12,186
tensorflow/tensorflow,3,13,205
tensorflow/tensorflow,3,14,209
tensorflow/tensorflow,3,15,172
tensorflow/tensorflow,3,16,194
tensorflow/tensorflow,3,17,151
tensorflow/tensorflow,3,18,101
tensorflow/tensorflow,3,19,72
tensorflow/tensorflow,3,20,87
tensorflow/tensorflow,3,21,112
tensorflow/tensorflow,3,22,130
tensorflow/tensorflow,3,23,107
tensorflow/tensorflow,4,0,126
tensorflow/tensorflow,4,1,210
tensorflow/tensorflow,4,2,249
tensorflow/tensorflow,4,3,154
tensorflow/tensorflow,4,4,148
tensorflow/tensorflow,4,5,169
tensorflow/tensorflow,4,6,149
tensorflow/tensorflow,4,7,186
tensorflow/tensorflow,4,8,161
tensorflow/tensorflow,4,9,153
tensorflow/tensorflow,4,10,214
tensorflow/tensorflow,4,11,232
tensorflow/tensorflow,4,12,187
tensorflow/tensorflow,4,13,207
tensorflow/tensorflow,4,14,173
tensorflow/tensorflow,4,15,196
tensorflow/tensorflow,4,16,185
tensorflow/tensorflow,4,17,148
tensorflow/tensorflow,4,18,108
tensorflow/tensorflow,4,19,82
tensorflow/tensorflow,4,20,92
tensorflow/tensorflow,4,21,104
tensorflow/tensorflow,4,22,128
tensorflow/tensorflow,4,23,138
tensorflow/tensorflow,5,0,118
tensorflow/tensorflow,5,1,199
tensorflow/tensorflow,5,2,205
tensorflow/tensorflow,5,3,119
tensorflow/tensorflow,5,4,112
tensorflow/tensorflow,5,5,125
tensorflow/tensorflow,5,6,98
tensorflow/tensorflow,5,7,115
tensorflow/tensorflow,5,8,149
tensorflow/tensorflow,5,9,161
tensorflow/tensorflow,5,10,209
tensorflow/tensorflow,5,11,229
tensorflow/tensorflow,5,12,181
tensorflow/tensorflow,5,13,184
tensorflow/tensorflow,5,14,173
tensorflow/tensorflow,5,15,193
tensorflow/tensorflow,5,16,151
tensorflow/tensorflow,5,17,114
tensorflow/tensorflow,5,18,93
tensorflow/tensorflow,5,19,52
tensorflow/tensorflow,5,20,60
tensorflow/tensorflow,5,21,66
tensorflow/tensorflow,5,22,87
tensorflow/tensorflow,5,23,77
tensorflow/tensorflow,6,0,50
tensorflow/tensorflow,6,1,91
tensorflow/tensorflow,6,2,114
tensorflow/tensorflow,6,3,50
tensorflow/tensorflow,6,4,22
tensorflow/tensorflow,6,5,19
tensorflow/tensorflow,6,6,13
tensorflow/tensorflow,6,7,15
tensorflow/tensorflow,6,8,28
tensorflow/tensorflow,6,9,19
tensorflow/tensorflow,6,10,21
tensorflow/tensorflow,6,11,31
tensorflow/tensorflow,6,12,28
tensorflow/tensorflow,6,13,49
tensorflow/tensorflow,6,14,15
tensorflow/tensorflow,6,15,25
tensorflow/tensorflow,6,16,10
tensorflow/tensorflow,6,17,9
tensorflow/tensorflow,6,18,13
tensorflow/tensorflow,6,19,15
tensorflow/tensorflow,6,20,16
tensorflow/tensorflow,6,21,17
tensorflow/tensorflow,6,22,23
tensorflow/tensorflow,6,23,11
rust-lang/rust,0,0,87
rust-lang/rust,0,1,61
rust-lang/rust,0,2,42
rust-lang/rust,0,3,23
rust-lang/rust,0,4,41
rust-lang/rust,0,5,26
rust-lang/rust,0,6,12
rust-lang/rust,0,7,28
rust-lang/rust,0,8,49
rust-lang/rust,0,9,55
rust-lang/rust,0,10,92
rust-lang/rust,0,11,108
rust-lang/rust,0,12,121
rust-lang/rust,0,13,143
rust-lang/rust,0,14,146
rust-lang/rust,0,15,151
rust-lang/rust,0,16,139
rust-lang/rust,0,17,111
rust-lang/rust,0,18,118
rust-lang/rust,0,19,106
rust-lang/rust,0,20,125
rust-lang/rust,0,21,125
rust-lang/rust,0,22,140
rust-lang/rust,0,23,97
rust-lang/rust,1,0,78
rust-lang/rust,1,1,64
rust-lang/rust,1,2,43
rust-lang/rust,1,3,23
rust-lang/rust,1,4,83
rust-lang/rust,1,5,36
rust-lang/rust,1,6,33
rust-lang/rust,1,7,39
rust-lang/rust,1,8,101
rust-lang/rust,1,9,121
rust-lang/rust,1,10,156
rust-lang/rust,1,11,150
rust-lang/rust,1,12,146
rust-lang/rust,1,13,162
rust-lang/rust,1,14,193
rust-lang/rust,1,15,241
rust-lang/rust,1,16,228
rust-lang/rust,1,17,216
rust-lang/rust,1,18,197
rust-lang/rust,1,19,151
rust-lang/rust,1,20,149
rust-lang/rust,1,21,151
rust-lang/rust,1,22,141
rust-lang/rust,1,23,108
rust-lang/rust,2,0,126
rust-lang/rust,2,1,62
rust-lang/rust,2,2,44
rust-lang/rust,2,3,36
rust-lang/rust,2,4,32
rust-lang/rust,2,5,27
rust-lang/rust,2,6,34
rust-lang/rust,2,7,42
rust-lang/rust,2,8,110
rust-lang/rust,2,9,141
rust-lang/rust,2,10,183
rust-lang/rust,2,11,207
rust-lang/rust,2,12,167
rust-lang/rust,2,13,180
rust-lang/rust,2,14,181
rust-lang/rust,2,15,220
rust-lang/rust,2,16,192
rust-lang/rust,2,17,235
rust-lang/rust,2,18,193
rust-lang/rust,2,19,133
rust-lang/rust,2,20,169
rust-lang/rust,2,21,142
rust-lang/rust,2,22,156
rust-lang/rust,2,23,133
rust-lang/rust,3,0,94
rust-lang/rust,3,1,85
rust-lang/rust,3,2,47
rust-lang/rust,3,3,36
rust-lang/rust,3,4,49
rust-lang/rust,3,5,34
rust-lang/rust,3,6,29
rust-lang/rust,3,7,58
rust-lang/rust,3,8,88
rust-lang/rust,3,9,143
rust-lang/rust,3,10,146
rust-lang/rust,3,11,174
rust-lang/rust,3,12,166
rust-lang/rust,3,13,210
rust-lang/rust,3,14,228
rust-lang/rust,3,15,219
rust-lang/rust,3,16,223
rust-lang/rust,3,17,218
rust-lang/rust,3,18,141
rust-lang/rust,3,19,135
rust-lang/rust,3,20,166
rust-lang/rust,3,21,154
rust-lang/rust,3,22,146
rust-lang/rust,3,23,131
rust-lang/rust,4,0,86
rust-lang/rust,4,1,63
rust-lang/rust,4,2,57
rust-lang/rust,4,3,28
rust-lang/rust,4,4,60
rust-lang/rust,4,5,26
rust-lang/rust,4,6,28
rust-lang/rust,4,7,44
rust-lang/rust,4,8,87
rust-lang/rust,4,9,143
rust-lang/rust,4,10,175
rust-lang/rust,4,11,184
rust-lang/rust,4,12,160
rust-lang/rust,4,13,186
rust-lang/rust,4,14,215
rust-lang/rust,4,15,207
rust-lang/rust,4,16,200
rust-lang/rust,4,17,188
rust-lang/rust,4,18,181
rust-lang/rust,4,19,186
rust-lang/rust,4,20,146
rust-lang/rust,4,21,124
rust-lang/rust,4,22,159
rust-lang/rust,4,23,157
rust-lang/rust,5,0,107
rust-lang/rust,5,1,86
rust-lang/rust,5,2,43
rust-lang/rust,5,3,29
rust-lang/rust,5,4,42
rust-lang/rust,5,5,37
rust-lang/rust,5,6,24
rust-lang/rust,5,7,45
rust-lang/rust,5,8,78
rust-lang/rust,5,9,154
rust-lang/rust,5,10,200
rust-lang/rust,5,11,184
rust-lang/rust,5,12,179
rust-lang/rust,5,13,195
rust-lang/rust,5,14,224
rust-lang/rust,5,15,255
rust-lang/rust,5,16,220
rust-lang/rust,5,17,204
rust-lang/rust,5,18,153
rust-lang/rust,5,19,122
rust-lang/rust,5,20,168
rust-lang/rust,5,21,147
rust-lang/rust,5,22,148
rust-lang/rust,5,23,116
rust-lang/rust,6,0,89
rust-lang/rust,6,1,60
rust-lang/rust,6,2,48
rust-lang/rust,6,3,28
rust-lang/rust,6,4,39
rust-lang/rust,6,5,31
rust-lang/rust,6,6,27
rust-lang/rust,6,7,34
rust-lang/rust,6,8,40
rust-lang/rust,6,9,65
rust-lang/rust,6,10,123
rust-lang/rust,6,11,145
rust-lang/rust,6,12,166
rust-lang/rust,6,13,157
rust-lang/rust,6,14,142
rust-lang/rust,6,15,144
rust-lang/rust,6,16,124
rust-lang/rust,6,17,166
rust-lang/rust,6,18,125
rust-lang/rust,6,19,113
rust-lang/rust,6,20,89
rust-lang/rust,6,21,112
rust-lang/rust,6,22,142
rust-lang/rust,6,23,120
golang/go,0,0,38
golang/go,0,1,18
golang/go,0,2,37
golang/go,0,3,17
golang/go,0,4,11
golang/go,0,5,14
golang/go,0,6,12
golang/go,0,7,12
golang/go,0,8,26
golang/go,0,9,30
golang/go,0,10,44
golang/go,0,11,63
golang/go,0,12,64
golang/go,0,13,57
golang/go,0,14,78
golang/go,0,15,74
golang/go,0,16,48
golang/go,0,17,63
golang/go,0,18,60
golang/go,0,19,46
golang/go,0,20,62
golang/go,0,21,74
golang/go,0,22,51
golang/go,0,23,54
golang/go,1,0,32
golang/go,1,1,27
golang/go,1,2,25
golang/go,1,3,16
golang/go,1,4,19
golang/go,1,5,24
golang/go,1,6,17
golang/go,1,7,21
golang/go,1,8,48
golang/go,1,9,117
golang/go,1,10,194
golang/go,1,11,227
golang/go,1,12,235
golang/go,1,13,279
golang/go,1,14,276
golang/go,1,15,336
golang/go,1,16,301
golang/go,1,17,306
golang/go,1,18,163
golang/go,1,19,120
golang/go,1,20,112
golang/go,1,21,103
golang/go,1,22,118
golang/go,1,23,83
golang/go,2,0,63
golang/go,2,1,54
golang/go,2,2,36
golang/go,2,3,39
golang/go,2,4,28
golang/go,2,5,23
golang/go,2,6,23
golang/go,2,7,40
golang/go,2,8,86
golang/go,2,9,180
golang/go,2,10,280
golang/go,2,11,239
golang/go,2,12,259
golang/go,2,13,278
golang/go,2,14,299
golang/go,2,15,333
golang/go,2,16,319
golang/go,2,17,303
golang/go,2,18,180
golang/go,2,19,148
golang/go,2,20,136
golang/go,2,21,138
golang/go,2,22,125
golang/go,2,23,112
golang/go,3,0,79
golang/go,3,1,69
golang/go,3,2,50
golang/go,3,3,27
golang/go,3,4,25
golang/go,3,5,18
golang/go,3,6,22
golang/go,3,7,31
golang/go,3,8,72
golang/go,3,9,208
golang/go,3,10,246
golang/go,3,11,338
golang/go,3,12,290
golang/go,3,13,299
golang/go,3,14,357
golang/go,3,15,346
golang/go,3,16,335
golang/go,3,17,339
golang/go,3,18,181
golang/go,3,19,143
golang/go,3,20,147
golang/go,3,21,153
golang/go,3,22,148
golang/go,3,23,101
golang/go,4,0,62
golang/go,4,1,52
golang/go,4,2,43
golang/go,4,3,28
golang/go,4,4,19
golang/go,4,5,23
golang/go,4,6,25
golang/go,4,7,42
golang/go,4,8,73
golang/go,4,9,167
golang/go,4,10,248
golang/go,4,11,302
golang/go,4,12,246
golang/go,4,13,265
golang/go,4,14,298
golang/go,4,15,318
golang/go,4,16,335
golang/go,4,17,272
golang/go,4,18,173
golang/go,4,19,134
golang/go,4,20,157
golang/go,4,21,152
golang/go,4,22,114
golang/go,4,23,96
golang/go,5,0,67
golang/go,5,1,53
golang/go,5,2,27
golang/go,5,3,29
golang/go,5,4,17
golang/go,5,5,16
golang/go,5,6,26
golang/go,5,7,34
golang/go,5,8,65
golang/go,5,9,157
golang/go,5,10,235
golang/go,5,11,233
golang/go,5,12,215
golang/go,5,13,260
golang/go,5,14,296
golang/go,5,15,274
golang/go,5,16,286
golang/go,5,17,243
golang/go,5,18,154
golang/go,5,19,143
golang/go,5,20,119
golang/go,5,21,88
golang/go,5,22,88
golang/go,5,23,93
golang/go,6,0,71
golang/go,6,1,44
golang/go,6,2,39
golang/go,6,3,30
golang/go,6,4,28
golang/go,6,5,17
golang/go,6,6,13
golang/go,6,7,26
golang/go,6,8,30
golang/go,6,9,38
golang/go,6,10,53
golang/go,6,11,64
golang/go,6,12,53
golang/go,6,13,48
golang/go,6,14,74
golang/go,6,15,61
golang/go,6,16,86
golang/go,6,17,70
golang/go,6,18,66
golang/go,6,19,58
golang/go,6,20,42
golang/go,6,21,41
golang/go,6,22,42
golang/go,6,23,47
kubernetes/kubernetes,0,0,36
kubernetes/kubernetes,0,1,14
kubernetes/kubernetes,0,2,10
kubernetes/kubernetes,0,3,8
kubernetes/kubernetes,0,4,14
kubernetes/kubernetes,0,5,6
kubernetes/kubernetes,0,6,8
kubernetes/kubernetes,0,7,18
kubernetes/kubernetes,0,8,11
kubernetes/kubernetes,0,9,40
kubernetes/kubernetes,0,10,48
kubernetes/kubernetes,0,11,79
kubernetes/kubernetes,0,12,53
kubernetes/kubernetes,0,13,57
kubernetes/kubernetes,0,14,59
kubernetes/kubernetes,0,15,89
kubernetes/kubernetes,0,16,68
kubernetes/kubernetes,0,17,74
kubernetes/kubernetes,0,18,58
kubernetes/kubernetes,0,19,55
kubernetes/kubernetes,0,20,61
kubernetes/kubernetes,0,21,48
kubernetes/kubernetes,0,22,61
kubernetes/kubernetes,0,23,58
kubernetes/kubernetes,1,0,26
kubernetes/kubernetes,1,1,10
kubernetes/kubernetes,1,2,5
kubernetes/kubernetes,1,3,2
kubernetes/kubernetes,1,4,4
kubernetes/kubernetes,1,5,12
kubernetes/kubernetes,1,6,11
kubernetes/kubernetes,1,7,30
kubernetes/kubernetes,1,8,89
kubernetes/kubernetes,1,9,185
kubernetes/kubernetes,1,10,230
kubernetes/kubernetes,1,11,263
kubernetes/kubernetes,1,12,219
kubernetes/kubernetes,1,13,240
kubernetes/kubernetes,1,14,259
kubernetes/kubernetes,1,15,242
kubernetes/kubernetes,1,16,300
kubernetes/kubernetes,1,17,255
kubernetes/kubernetes,1,18,183
kubernetes/kubernetes,1,19,145
kubernetes/kubernetes,1,20,144
kubernetes/kubernetes,1,21,147
kubernetes/kubernetes,1,22,119
kubernetes/kubernetes,1,23,92
kubernetes/kubernetes,2,0,58
kubernetes/kubernetes,2,1,39
kubernetes/kubernetes,2,2,17
kubernetes/kubernetes,2,3,23
kubernetes/kubernetes,2,4,15
kubernetes/kubernetes,2,5,15
kubernetes/kubernetes,2,6,21
kubernetes/kubernetes,2,7,45
kubernetes/kubernetes,2,8,94
kubernetes/kubernetes,2,9,194
kubernetes/kubernetes,2,10,267
kubernetes/kubernetes,2,11,333
kubernetes/kubernetes,2,12,200
kubernetes/kubernetes,2,13,265
kubernetes/kubernetes,2,14,314
kubernetes/kubernetes,2,15,310
kubernetes/kubernetes,2,16,312
kubernetes/kubernetes,2,17,273
kubernetes/kubernetes,2,18,195
kubernetes/kubernetes,2,19,156
kubernetes/kubernetes,2,20,205
kubernetes/kubernetes,2,21,159
kubernetes/kubernetes,2,22,176
kubernetes/kubernetes,2,23,132
kubernetes/kubernetes,3,0,82
kubernetes/kubernetes,3,1,62
kubernetes/kubernetes,3,2,33
kubernetes/kubernetes,3,3,25
kubernetes/kubernetes,3,4,11
kubernetes/kubernetes,3,5,14
kubernetes/kubernetes,3,6,27
kubernetes/kubernetes,3,7,45
kubernetes/kubernetes,3,8,101
kubernetes/kubernetes,3,9,204
kubernetes/kubernetes,3,10,295
kubernetes/kubernetes,3,11,293
kubernetes/kubernetes,3,12,265
kubernetes/kubernetes,3,13,286
kubernetes/kubernetes,3,14,307
kubernetes/kubernetes,3,15,341
kubernetes/kubernetes,3,16,314
kubernetes/kubernetes,3,17,267
kubernetes/kubernetes,3,18,203
kubernetes/kubernetes,3,19,163
kubernetes/kubernetes,3,20,139
kubernetes/kubernetes,3,21,209
kubernetes/kubernetes,3,22,150
kubernetes/kubernetes,3,23,127
kubernetes/kubernetes,4,0,102
kubernetes/kubernetes,4,1,51
kubernetes/kubernetes,4,2,15
kubernetes/kubernetes,4,3,25
kubernetes/kubernetes,4,4,13
kubernetes/kubernetes,4,5,26
kubernetes/kubernetes,4,6,33
kubernetes/kubernetes,4,7,50
kubernetes/kubernetes,4,8,93
kubernetes/kubernetes,4,9,215
kubernetes/kubernetes,4,10,262
kubernetes/kubernetes,4,11,328
kubernetes/kubernetes,4,12,221
kubernetes/kubernetes,4,13,253
kubernetes/kubernetes,4,14,310
kubernetes/kubernetes,4,15,286
kubernetes/kubernetes,4,16,267
kubernetes/kubernetes,4,17,251
kubernetes/kubernetes,4,18,181
kubernetes/kubernetes,4,19,145
kubernetes/kubernetes,4,20,165
kubernetes/kubernetes,4,21,161
kubernetes/kubernetes,4,22,133
kubernetes/kubernetes,4,23,116
kubernetes/kubernetes,5,0,77
kubernetes/kubernetes,5,1,38
kubernetes/kubernetes,5,2,26
kubernetes/kubernetes,5,3,14
kubernetes/kubernetes,5,4,19
kubernetes/kubernetes,5,5,15
kubernetes/kubernetes,5,6,22
kubernetes/kubernetes,5,7,47
kubernetes/kubernetes,5,8,100
kubernetes/kubernetes,5,9,177
kubernetes/kubernetes,5,10,259
kubernetes/kubernetes,5,11,266
kubernetes/kubernetes,5,12,210
kubernetes/kubernetes,5,13,254
kubernetes/kubernetes,5,14,291
kubernetes/kubernetes,5,15,246
kubernetes/kubernetes,5,16,254
kubernetes/kubernetes,5,17,221
kubernetes/kubernetes,5,18,140
kubernetes/kubernetes,5,19,124
kubernetes/kubernetes,5,20,103
kubernetes/kubernetes,5,21,85
kubernetes/kubernetes,5,22,76
kubernetes/kubernetes,5,23,84
kubernetes/kubernetes,6,0,63
kubernetes/kubernetes,6,1,27
kubernetes/kubernetes,6,2,9
kubernetes/kubernetes,6,3,13
kubernetes/kubernetes,6,4,17
kubernetes/kubernetes,6,5,10
kubernetes/kubernetes,6,6,11
kubernetes/kubernetes,6,7,16
kubernetes/kubernetes,6,8,31
kubernetes/kubernetes,6,9,53
kubernetes/kubernetes,6,10,87
kubernetes/kubernetes,6,11,80
kubernetes/kubernetes,6,12,57
kubernetes/kubernetes,6,13,61
kubernetes/kubernetes,6,14,64
kubernetes/kubernetes,6,15,57
kubernetes/kubernetes,6,16,58
kubernetes/kubernetes,6,17,76
kubernetes/kubernetes,6,18,63
kubernetes/kubernetes,6,19,49
kubernetes/kubernetes,6,20,49
kubernetes/kubernetes,6,21,62
kubernetes/kubernetes,6,22,65
kubernetes/kubernetes,6,23,46
